num_pages,cost_microseconds
1,0.007129
2,0.003951
4,0.002531
8,0.001718
16,0.001439
32,0.001636
64,0.004703
128,0.004847
256,0.002854
512,0.004951
1024,0.004143
2048,0.003898
